chain_id,dex_id,factory_address,geckoterminal_url,name,router_address
1,,,https://www.geckoterminal.com/eth/uniswap_v3/pools,Uniswap V3,
1,,,https://www.geckoterminal.com/eth/uniswap_v2/pools,Uniswap V2,
1,,,https://www.geckoterminal.com/eth/curve/pools,Curve,
1,,,https://www.geckoterminal.com/eth/sushiswap/pools,SushiSwap,
1,,,https://www.geckoterminal.com/eth/balancer_ethereum/pools,Balancer,
1,,,https://www.geckoterminal.com/eth/pancakeswap-v3-ethereum/pools,Pancakeswap V3 (Ethereum),
1,,,https://www.geckoterminal.com/eth/fraxswap_ethereum/pools,Fraxswap (Ethereum),
1,,,https://www.geckoterminal.com/eth/shibaswap/pools,Shibaswap,
1,,,https://www.geckoterminal.com/eth/saitaswap-ethereum/pools,Saitaswap (Ethereum),
1,,,https://www.geckoterminal.com/eth/verse/pools,Verse,
1,,,https://www.geckoterminal.com/eth/pancakeswap_ethereum/pools,Pancakeswap (Ethereum),
1,,,https://www.geckoterminal.com/eth/defi_swap/pools,Defi Swap,
1,,,https://www.geckoterminal.com/eth/dooar_ethereum/pools,DOOAR (Ethereum),
1,,,https://www.geckoterminal.com/eth/radioshack_ethereum/pools,RadioShack (Ethereum),
1,,,https://www.geckoterminal.com/eth/kyberswap_classic_ethereum/pools,Kyberswap Classic (Ethereum),
1,,,https://www.geckoterminal.com/eth/concave/pools,Concave,
1,,,https://www.geckoterminal.com/eth/solidlydex/pools,Solidly,
1,,,https://www.geckoterminal.com/eth/elk_finance_ethereum/pools,Elk Finance (Ethereum),
1,,,https://www.geckoterminal.com/eth/standard_ethereum/pools,Standard (Ethereum),
1,,,https://www.geckoterminal.com/eth/unicly/pools,Unicly,
1,,,https://www.geckoterminal.com/eth/sakeswap/pools,SakeSwap,
1,,,https://www.geckoterminal.com/eth/whiteswap/pools,Whiteswap,
1,,,https://www.geckoterminal.com/eth/apeswap_ethereum/pools,ApeSwap (Ethereum),
1,,,https://www.geckoterminal.com/eth/degenswap/pools,DegenSwap,
1,,,https://www.geckoterminal.com/eth/kyberswap_elastic/pools,KyberSwap Elastic,
1,,,https://www.geckoterminal.com/eth/smardex/pools,SmarDex,
1,,,https://www.geckoterminal.com/eth/safemoonswap_ethereum/pools,SafemoonSwap (Ethereum),
1,,,https://www.geckoterminal.com/eth/spice_trade_ethereum/pools,Spice Trade (Ethereum),
1,,,https://www.geckoterminal.com/eth/templedao/pools,TempleDAO,
1,,,https://www.geckoterminal.com/eth/antfarm/pools,Antfarm,
1,,,https://www.geckoterminal.com/eth/swapr_ethereum/pools,Swapr (Ethereum),
5,,,https://www.geckoterminal.com/goerli-testnet/uniswap-goerli-testnet/pools,Uniswap (Goerli Testnet),
10,,,https://www.geckoterminal.com/optimism/uniswap_v3_optimism/pools,Uniswap V3 (Optimism),
10,,,https://www.geckoterminal.com/optimism/velodrome/pools,Velodrome Finance,
10,,,https://www.geckoterminal.com/optimism/curve_optimism/pools,Curve (Optimism),
10,,,https://www.geckoterminal.com/optimism/beethoven_x_optimism/pools,Beethoven X (Optimism),
10,,,https://www.geckoterminal.com/optimism/kyberswap_classic_optimism/pools,Kyberswap Classic (Optimism),
10,,,https://www.geckoterminal.com/optimism/fraxswap_optimism/pools,Fraxswap (Optimism),
10,,,https://www.geckoterminal.com/optimism/kyberswap_elastic_optimism/pools,Kyberswap Elastic (Optimism),
10,,,https://www.geckoterminal.com/optimism/zipswap/pools,ZipSwap,
10,,,https://www.geckoterminal.com/optimism/openxswap/pools,OpenXSwap,
10,,,https://www.geckoterminal.com/optimism/elk_finance_optimism/pools,Elk Finance (Optimism),
10,,,https://www.geckoterminal.com/optimism/radioshack_optimism/pools,Radioshack (Optimism),
10,,,https://www.geckoterminal.com/optimism/archly-optimism/pools,Archly (Optimism),
14,,,https://www.geckoterminal.com/flare/pangolin-flare/pools,Pangolin Flare,
14,,,https://www.geckoterminal.com/flare/blazeswap-flare/pools,BlazeSwap (Flare),
19,,,https://www.geckoterminal.com/songbird/enosys-dex/pools,Enosys DEX,
19,,,https://www.geckoterminal.com/songbird/pangolin-songbird/pools,Pangolin Songbird,
19,,,https://www.geckoterminal.com/songbird/oracleswap/pools,Oracleswap,
19,,,https://www.geckoterminal.com/songbird/blazeswap/pools,BlazeSwap,
20,,,https://www.geckoterminal.com/ela/glide_finance/pools,Glide Finance,
20,,,https://www.geckoterminal.com/ela/elk_finance_elastos/pools,Elk Finance (Elastos),
24,,,https://www.geckoterminal.com/kai/kaidex_v3/pools,Kaidex_V3,
24,,,https://www.geckoterminal.com/kai/kaidex/pools,Kaidex,
24,,,https://www.geckoterminal.com/kai/becoswap/pools,BecoSwap,
25,,,https://www.geckoterminal.com/cro/vvs/pools,VVS,
25,,,https://www.geckoterminal.com/cro/mm_finance/pools,MM Finance,
25,,,https://www.geckoterminal.com/cro/phenix-finance-cronos/pools,Phenix Finance (Cronos),
25,,,https://www.geckoterminal.com/cro/cronaswap/pools,CronaSwap,
25,,,https://www.geckoterminal.com/cro/candycity_finance/pools,Candycity Finance,
25,,,https://www.geckoterminal.com/cro/elk_finance/pools,Elk Finance,
25,,,https://www.geckoterminal.com/cro/crodex/pools,Crodex,
25,,,https://www.geckoterminal.com/cro/croswap/pools,CroSwap,
25,,,https://www.geckoterminal.com/cro/photonswap/pools,PhotonSwap,
25,,,https://www.geckoterminal.com/cro/crowfi/pools,CrowFi,
25,,,https://www.geckoterminal.com/cro/cougar_exchange/pools,Cougar Exchange,
25,,,https://www.geckoterminal.com/cro/duckydefi/pools,DuckyDeFi,
25,,,https://www.geckoterminal.com/cro/annex_finance/pools,Annex Finance,
25,,,https://www.geckoterminal.com/cro/cyborgswap/pools,CyborgSwap,
25,,,https://www.geckoterminal.com/cro/radioshack_cronos/pools,RadioShack (Cronos),
25,,,https://www.geckoterminal.com/cro/aliendex/pools,AlienDEX,
25,,,https://www.geckoterminal.com/cro/mm-finance-v3-cronos/pools,MM Finance V3 (Cronos),
25,,,https://www.geckoterminal.com/cro/kyberswap_elastic_cronos/pools,Kyberswap Elastic (Cronos),
25,,,https://www.geckoterminal.com/cro/firebird_cronos/pools,Firebird (Cronos),
25,,,https://www.geckoterminal.com/cro/empiredex_cronos/pools,EmpireDEX (Cronos),
25,,,https://www.geckoterminal.com/cro/kryptodex/pools,KryptoDEX,
40,,,https://www.geckoterminal.com/tlos/omnidex/pools,OmniDex,
40,,,https://www.geckoterminal.com/tlos/elk_finance_telos/pools,Elk Finance (Telos),
40,,,https://www.geckoterminal.com/tlos/zappy/pools,Zappy,
40,,,https://www.geckoterminal.com/tlos/sushiswap_telos/pools,Sushiswap (Telos),
40,,,https://www.geckoterminal.com/tlos/apeswap_telos/pools,Apeswap (Telos),
40,,,https://www.geckoterminal.com/tlos/swapsicle-telos/pools,Swapsicle (Telos),
40,,,https://www.geckoterminal.com/tlos/archly-telos/pools,Archly (Telos),
50,,,https://www.geckoterminal.com/xdc/xswap/pools,XSwap,
50,,,https://www.geckoterminal.com/xdc/globiance/pools,Globiance,
50,,,https://www.geckoterminal.com/xdc/icecreamswap-xdc/pools,Icecreamswap (XDC),
56,,,https://www.geckoterminal.com/bsc/pancakeswap_v2/pools,Pancakeswap V2,
56,,,https://www.geckoterminal.com/bsc/pancakeswap-v3-bsc/pools,Pancakeswap V3 (BSC),
56,,,https://www.geckoterminal.com/bsc/uniswap-bsc/pools,Uniswap (BSC),
56,,,https://www.geckoterminal.com/bsc/biswap/pools,Biswap,
56,,,https://www.geckoterminal.com/bsc/w3swap/pools,W3Swap,
56,,,https://www.geckoterminal.com/bsc/thena/pools,THENA,
56,,,https://www.geckoterminal.com/bsc/fstswap/pools,Fstswap,
56,,,https://www.geckoterminal.com/bsc/thena-fusion/pools,THENA FUSION,
56,,,https://www.geckoterminal.com/bsc/pancakeswap_stableswap/pools,Pancakeswap (Stable),
56,,,https://www.geckoterminal.com/bsc/nomiswap_stable/pools,Nomiswap (Stable),
56,,,https://www.geckoterminal.com/bsc/apeswap_bsc/pools,ApeSwap (BSC),
56,,,https://www.geckoterminal.com/bsc/traderjoe-v2-1-bsc/pools,TraderJoe V2.1 (BSC),
56,,,https://www.geckoterminal.com/bsc/babydogeswap/pools,BabyDogeSwap,
56,,,https://www.geckoterminal.com/bsc/mdex_bsc/pools,MDEX (BSC),
56,,,https://www.geckoterminal.com/bsc/mars_ecosystem/pools,Mars Ecosystem,
56,,,https://www.geckoterminal.com/bsc/babyswap/pools,BabySwap,
56,,,https://www.geckoterminal.com/bsc/sushiswap_bsc/pools,Sushiswap (BSC),
56,,,https://www.geckoterminal.com/bsc/nomiswap/pools,Nomiswap,
56,,,https://www.geckoterminal.com/bsc/safemoon_swap/pools,SafeMoon Swap,
56,,,https://www.geckoterminal.com/bsc/radioshack_bsc/pools,RadioShack (BSC),
56,,,https://www.geckoterminal.com/bsc/hkswap/pools,HKSwap,
56,,,https://www.geckoterminal.com/bsc/knightswap/pools,KnightSwap,
56,,,https://www.geckoterminal.com/bsc/dooar_bsc/pools,DOOAR (BSC),
56,,,https://www.geckoterminal.com/bsc/bakeryswap/pools,BakerySwap,
56,,,https://www.geckoterminal.com/bsc/kyotoswap/pools,KyotoSwap,
56,,,https://www.geckoterminal.com/bsc/baryon_network/pools,Baryon Network,
56,,,https://www.geckoterminal.com/bsc/impossible_finance/pools,Impossible Finance v2,
56,,,https://www.geckoterminal.com/bsc/swych/pools,SWYCH,
56,,,https://www.geckoterminal.com/bsc/elk_finance_bsc/pools,Elk Finance (BSC),
56,,,https://www.geckoterminal.com/bsc/kyberswap_classic_bsc/pools,Kyberswap Classic (BSC),
56,,,https://www.geckoterminal.com/bsc/dinosaureggs/pools,DinosaurEggs,
56,,,https://www.geckoterminal.com/bsc/openocean/pools,OpenOcean,
56,,,https://www.geckoterminal.com/bsc/traderjoe-v2-bsc/pools,TraderJoe V2 (BSC),
56,,,https://www.geckoterminal.com/bsc/planet_finance/pools,Planet Finance,
56,,,https://www.geckoterminal.com/bsc/definix/pools,Definix,
56,,,https://www.geckoterminal.com/bsc/ellipsis_finance/pools,Ellipsis Finance,
56,,,https://www.geckoterminal.com/bsc/dao_swap/pools,DAO Swap,
56,,,https://www.geckoterminal.com/bsc/julswap/pools,JulSwap,
56,,,https://www.geckoterminal.com/bsc/lif3-bsc/pools,lif3 (BSC),
56,,,https://www.geckoterminal.com/bsc/jetswap_bsc/pools,Jetswap (BSC),
56,,,https://www.geckoterminal.com/bsc/saitaswap-bsc/pools,Saitaswap (BSC),
56,,,https://www.geckoterminal.com/bsc/jswap_bsc/pools,Jswap (BSC),
56,,,https://www.geckoterminal.com/bsc/niob/pools,Niob,
56,,,https://www.geckoterminal.com/bsc/fraxswap_bsc/pools,Fraxswap (BSC),
56,,,https://www.geckoterminal.com/bsc/pandora_digital_swap/pools,Pandora Digital Swap,
56,,,https://www.geckoterminal.com/bsc/leonicornswap/pools,LeonicornSwap,
56,,,https://www.geckoterminal.com/bsc/wault_finance/pools,Wault Finance,
56,,,https://www.geckoterminal.com/bsc/impossible_finance_v3/pools,Impossible Finance v3,
56,,,https://www.geckoterminal.com/bsc/justmoney_bsc/pools,Justmoney (BSC),
56,,,https://www.geckoterminal.com/bsc/traderjoe-bsc/pools,TraderJoe (BSC),
56,,,https://www.geckoterminal.com/bsc/cone_exchange/pools,Cone Exchange,
56,,,https://www.geckoterminal.com/bsc/winery_swap/pools,Winery Swap,
56,,,https://www.geckoterminal.com/bsc/autoshark_finance/pools,AutoShark Finance,
56,,,https://www.geckoterminal.com/bsc/spice_trade_bsc/pools,Spice Trade (BSC),
56,,,https://www.geckoterminal.com/bsc/annex_finance_bsc/pools,Annex Finance (BSC),
56,,,https://www.geckoterminal.com/bsc/alium/pools,Alium,
56,,,https://www.geckoterminal.com/bsc/padswap-bsc/pools,Padswap (BSC),
56,,,https://www.geckoterminal.com/bsc/yoshi_exchange_bsc/pools,Yoshi.exchange (BSC),
56,,,https://www.geckoterminal.com/bsc/pinkswap/pools,Pinkswap,
56,,,https://www.geckoterminal.com/bsc/sphynx_swap/pools,Sphynx Swap,
56,,,https://www.geckoterminal.com/bsc/orbitalswap/pools,OrbitalSwap,
56,,,https://www.geckoterminal.com/bsc/pls2e/pools,PLS2E,
56,,,https://www.geckoterminal.com/bsc/firebird_bsc/pools,Firebird (BSC),
56,,,https://www.geckoterminal.com/bsc/corgiswap/pools,CorgiSwap,
56,,,https://www.geckoterminal.com/bsc/bridges/pools,Bridges,
56,,,https://www.geckoterminal.com/bsc/polkaex_bsc/pools,PolkaEx (BSC),
56,,,https://www.geckoterminal.com/bsc/cakewswap_bsc/pools,CakeWSwap (BSC),
56,,,https://www.geckoterminal.com/bsc/kyberswap_elastic_bsc/pools,Kyberswap Elastic (BSC),
56,,,https://www.geckoterminal.com/bsc/dddx/pools,DDDX,
56,,,https://www.geckoterminal.com/bsc/pyeswap_bsc/pools,PYESwap (BSC),
56,,,https://www.geckoterminal.com/bsc/moonlift/pools,Moonlift,
56,,,https://www.geckoterminal.com/bsc/iziswap-bsc/pools,iZiSwap (BSC),
56,,,https://www.geckoterminal.com/bsc/empiredex_bsc/pools,EmpireDEX (BSC),
56,,,https://www.geckoterminal.com/bsc/whaleswap/pools,WhaleSwap,
57,,,https://www.geckoterminal.com/sys/pegasys/pools,Pegasys,
61,,,https://www.geckoterminal.com/ethereum_classic/hebeswap/pools,HebeSwap,
61,,,https://www.geckoterminal.com/ethereum_classic/soy_finance_etc/pools,Soy Finance (ETC),
66,,,https://www.geckoterminal.com/okexchain/okcswap/pools,OKCSwap,
66,,,https://www.geckoterminal.com/okexchain/cherryswap/pools,Cherryswap,
66,,,https://www.geckoterminal.com/okexchain/kswap/pools,Kswap,
66,,,https://www.geckoterminal.com/okexchain/jswap/pools,Jswap,
66,,,https://www.geckoterminal.com/okexchain/elk_finance_oec/pools,Elk Finance (OEC),
70,,,https://www.geckoterminal.com/hsc/puddingswap/pools,PuddingSwap,
70,,,https://www.geckoterminal.com/hsc/elk_finance_hsc/pools,Elk Finance (Hoo Smart Chain),
82,,,https://www.geckoterminal.com/mtr/voltswap_meter/pools,VoltSwap (Meter),
87,,,https://www.geckoterminal.com/nova-network/fusion-dex/pools,Fusion Dex,
88,,,https://www.geckoterminal.com/tomochain/luaswap/pools,Luaswap,
96,,,https://www.geckoterminal.com/bitkub_chain/diamon_finance/pools,Diamon Finance,
100,,,https://www.geckoterminal.com/xdai/honeyswap/pools,Honeyswap,
100,,,https://www.geckoterminal.com/xdai/sushiswap_xdai/pools,Sushiswap (Xdai),
100,,,https://www.geckoterminal.com/xdai/balancer-gnosis/pools,Balancer (Gnosis),
100,,,https://www.geckoterminal.com/xdai/swapr_xdai/pools,Swapr (Xdai),
100,,,https://www.geckoterminal.com/xdai/elk_finance_xdai/pools,Elk Finance (Xdai),
100,,,https://www.geckoterminal.com/xdai/levinswap_xdai/pools,Levinswap,
100,,,https://www.geckoterminal.com/xdai/bao_finance/pools,Bao Finance,
106,,,https://www.geckoterminal.com/velas/wagyuswap/pools,WagyuSwap,
106,,,https://www.geckoterminal.com/velas/astroswap/pools,AstroSwap,
106,,,https://www.geckoterminal.com/velas/wavelength/pools,Wavelength,
108,,,https://www.geckoterminal.com/thundercore/laserswap/pools,LaserSwap,
122,,,https://www.geckoterminal.com/fuse/voltage_finance/pools,Voltage Finance,
122,,,https://www.geckoterminal.com/fuse/elk_finance_fuse/pools,Elk Finance (Fuse),
122,,,https://www.geckoterminal.com/fuse/sushiswap_fuse/pools,Sushiswap (Fuse),
128,,,https://www.geckoterminal.com/heco/mdex/pools,Mdex,
128,,,https://www.geckoterminal.com/heco/makiswap/pools,Makiswap,
128,,,https://www.geckoterminal.com/heco/elk_finance_heco/pools,Elk Finance (HECO),
137,,,https://www.geckoterminal.com/polygon_pos/uniswap_v3_polygon_pos/pools,Uniswap V3 (Polygon POS),
137,,,https://www.geckoterminal.com/polygon_pos/quickswap_v3/pools,Quickswap (v3),
137,,,https://www.geckoterminal.com/polygon_pos/quickswap/pools,Quickswap,
137,,,https://www.geckoterminal.com/polygon_pos/sushiswap_polygon_pos/pools,Sushiswap (Polygon POS),
137,,,https://www.geckoterminal.com/polygon_pos/balancer_polygon/pools,Balancer (Polygon),
137,,,https://www.geckoterminal.com/polygon_pos/dfyn/pools,Dfyn,
137,,,https://www.geckoterminal.com/polygon_pos/curve_polygon_pos/pools,Curve (Polygon POS),
137,,,https://www.geckoterminal.com/polygon_pos/apeswap_polygon/pools,ApeSwap (Polygon),
137,,,https://www.geckoterminal.com/polygon_pos/kyberswap_classic_polygon/pools,Kyberswap Classic (Polygon),
137,,,https://www.geckoterminal.com/polygon_pos/mmfinance_polygon/pools,MMFinance (Polygon),
137,,,https://www.geckoterminal.com/polygon_pos/fraxswap_polygon_pos/pools,Fraxswap (Polygon POS),
137,,,https://www.geckoterminal.com/polygon_pos/kyberswap_elastic_polygon/pools,Kyberswap Elastic (Polygon),
137,,,https://www.geckoterminal.com/polygon_pos/gravity_finance/pools,Gravity Finance,
137,,,https://www.geckoterminal.com/polygon_pos/elk_finance_polygon/pools,Elk Finance (Polygon),
137,,,https://www.geckoterminal.com/polygon_pos/vulcandex/pools,VulcanDex,
137,,,https://www.geckoterminal.com/polygon_pos/purplebridge/pools,PurpleBridge,
137,,,https://www.geckoterminal.com/polygon_pos/dystopia/pools,Dystopia,
137,,,https://www.geckoterminal.com/polygon_pos/polycat_finance/pools,Polycat Finance,
137,,,https://www.geckoterminal.com/polygon_pos/lif3-polygon/pools,lif3 (Polygon),
137,,,https://www.geckoterminal.com/polygon_pos/crowdswap/pools,CrowdSwap,
137,,,https://www.geckoterminal.com/polygon_pos/radioshack_polygon_pos/pools,RadioShack (Polygon POS),
137,,,https://www.geckoterminal.com/polygon_pos/jetswap_polygon/pools,Jetswap (Polygon),
137,,,https://www.geckoterminal.com/polygon_pos/wault_finance_polygon/pools,Wault Finance (Polygon),
137,,,https://www.geckoterminal.com/polygon_pos/phenix-finance-polygon/pools,Phenix Finance (Polygon),
137,,,https://www.geckoterminal.com/polygon_pos/polydex/pools,PolyDEX,
137,,,https://www.geckoterminal.com/polygon_pos/comethswap/pools,ComethSwap,
137,,,https://www.geckoterminal.com/polygon_pos/justmoney_polygon_pos/pools,JustMoney (Polygon POS),
137,,,https://www.geckoterminal.com/polygon_pos/firebird_finance_polygon/pools,Firebird Finance (Polygon),
137,,,https://www.geckoterminal.com/polygon_pos/dinoswap/pools,Dinoswap,
137,,,https://www.geckoterminal.com/polygon_pos/honeyswap_polygon/pools,Honeyswap (Polygon),
137,,,https://www.geckoterminal.com/polygon_pos/satin-exchange/pools,Satin Exchange,
137,,,https://www.geckoterminal.com/polygon_pos/tetuswap/pools,TetuSwap,
137,,,https://www.geckoterminal.com/polygon_pos/nachoswap/pools,NachoSwap,
137,,,https://www.geckoterminal.com/polygon_pos/greenhouse_dex/pools,Greenhouse DEX,
137,,,https://www.geckoterminal.com/polygon_pos/meshswap/pools,MeshSwap,
137,,,https://www.geckoterminal.com/polygon_pos/algebra_finance/pools,Algebra Finance,
137,,,https://www.geckoterminal.com/polygon_pos/auraswap/pools,AuraSwap,
137,,,https://www.geckoterminal.com/polygon_pos/safemoonswap-polygon/pools,SafemoonSwap (Polygon),
137,,,https://www.geckoterminal.com/polygon_pos/spice_trade_polygon/pools,Spice Trade (Polygon),
199,,,https://www.geckoterminal.com/bttc/intercroneswap-bittorent/pools,InterCroneSwap (Bittorent),
199,,,https://www.geckoterminal.com/bttc/kyberswap_classic_bttc/pools,KyberSwap Classic (BitTorrent),
199,,,https://www.geckoterminal.com/bttc/torrswap/pools,TORRSwap,
199,,,https://www.geckoterminal.com/bttc/elk_finance_bittorrent/pools,Elk Finance (Bittorrent),
199,,,https://www.geckoterminal.com/bttc/justmoney_bttc/pools,Justmoney (BitTorrent),
248,,,https://www.geckoterminal.com/oasys/tealswap/pools,Tealswap,
250,,,https://www.geckoterminal.com/ftm/spookyswap/pools,SpookySwap,
250,,,https://www.geckoterminal.com/ftm/beethoven_x_fantom/pools,Beethoven X (Fantom),
250,,,https://www.geckoterminal.com/ftm/equalizer/pools,Equalizer,
250,,,https://www.geckoterminal.com/ftm/curve_ftm/pools,Curve (Fantom),
250,,,https://www.geckoterminal.com/ftm/wigoswap/pools,WigoSwap,
250,,,https://www.geckoterminal.com/ftm/tomb_swap_fantom/pools,Tomb Swap (Fantom),
250,,,https://www.geckoterminal.com/ftm/spiritswap/pools,SpiritSwap,
250,,,https://www.geckoterminal.com/ftm/spiritswap_v2/pools,SpiritSwap V2,
250,,,https://www.geckoterminal.com/ftm/solidly/pools,Solidly (Fantom),
250,,,https://www.geckoterminal.com/ftm/sushiswap_fantom/pools,Sushiswap (Fantom),
250,,,https://www.geckoterminal.com/ftm/fraxswap_fantom/pools,Fraxswap (Fantom),
250,,,https://www.geckoterminal.com/ftm/darkknight/pools,DarkKnight,
250,,,https://www.geckoterminal.com/ftm/yoshi_exchange_ftm/pools,Yoshi.exchange (Fantom),
250,,,https://www.geckoterminal.com/ftm/soulswap/pools,SoulSwap,
250,,,https://www.geckoterminal.com/ftm/protofi/pools,ProtoFi,
250,,,https://www.geckoterminal.com/ftm/hyperjump_ftm/pools,HyperJump (Fantom),
250,,,https://www.geckoterminal.com/ftm/fbomb_finance/pools,Fbomb Finance,
250,,,https://www.geckoterminal.com/ftm/excalibur/pools,Excalibur,
250,,,https://www.geckoterminal.com/ftm/elk_finance_ftm/pools,Elk Finance (Fantom),
250,,,https://www.geckoterminal.com/ftm/paintswap/pools,PaintSwap,
250,,,https://www.geckoterminal.com/ftm/wingswap/pools,WingSwap,
250,,,https://www.geckoterminal.com/ftm/morpheus_swap/pools,Morpheus Swap,
250,,,https://www.geckoterminal.com/ftm/jetswap_fantom/pools,Jetswap (Fantom),
250,,,https://www.geckoterminal.com/ftm/kyberswap_elastic_fantom/pools,Kyberswap Elastic (Fantom),
250,,,https://www.geckoterminal.com/ftm/archly-ftm/pools,Archly (FTM),
250,,,https://www.geckoterminal.com/ftm/magikswap/pools,MagikSwap,
250,,,https://www.geckoterminal.com/ftm/radioshack_fantom/pools,RadioShack (Fantom),
250,,,https://www.geckoterminal.com/ftm/redemption/pools,Redemption,
250,,,https://www.geckoterminal.com/ftm/dfyn_fantom/pools,Dfyn (Fantom),
250,,,https://www.geckoterminal.com/ftm/wagmi-fantom/pools,WAGMI (Fantom),
250,,,https://www.geckoterminal.com/ftm/kyberswap_classic_fantom/pools,Kyberswap Classic (Fantom),
250,,,https://www.geckoterminal.com/ftm/firebird_fantom/pools,Firebird (Fantom),
250,,,https://www.geckoterminal.com/ftm/metropolis/pools,Metropolis,
250,,,https://www.geckoterminal.com/ftm/skullswap/pools,SkullSwap,
288,,,https://www.geckoterminal.com/boba/oolongswap/pools,Oolongswap,
288,,,https://www.geckoterminal.com/boba/swapperchan/pools,SwapperChan,
314,,,https://www.geckoterminal.com/filecoin/puppyswap/pools,Puppyswap,
321,,,https://www.geckoterminal.com/kcc/mojitoswap/pools,MojitoSwap,
321,,,https://www.geckoterminal.com/kcc/kuswap/pools,Kuswap,
321,,,https://www.geckoterminal.com/kcc/elk_finance_kcc/pools,Elk Finance (KCC),
324,,,https://www.geckoterminal.com/zksync/syncswap/pools,SyncSwap,
324,,,https://www.geckoterminal.com/zksync/mute/pools,Mute,
324,,,https://www.geckoterminal.com/zksync/spacefi_zksync/pools,SpaceFi (ZkSync),
324,,,https://www.geckoterminal.com/zksync/velocore/pools,Velocore,
324,,,https://www.geckoterminal.com/zksync/wagmi-zksync/pools,WAGMI (zkSync),
324,,,https://www.geckoterminal.com/zksync/gemswap/pools,GemSwap,
324,,,https://www.geckoterminal.com/zksync/onsen-swap/pools,Onsen Swap,
324,,,https://www.geckoterminal.com/zksync/solunea/pools,Solunea,
324,,,https://www.geckoterminal.com/zksync/merlin-dex/pools,MERLIN DEX,
336,,,https://www.geckoterminal.com/sdn/standard_protocol/pools,Standard Protocol,
336,,,https://www.geckoterminal.com/sdn/polkaex_shiden/pools,PolkaEx (Shiden),
416,,,https://www.geckoterminal.com/sxn/sharkswap/pools,SharkSwap,
530,,,https://www.geckoterminal.com/fx/fx_swap/pools,Fx Swap,
592,,,https://www.geckoterminal.com/astr/arthswap/pools,Arthswap,
592,,,https://www.geckoterminal.com/astr/zenlink_astar/pools,Zenlink (Astar),
592,,,https://www.geckoterminal.com/astr/starswap/pools,StarSwap,
592,,,https://www.geckoterminal.com/astr/versa/pools,Versa,
592,,,https://www.geckoterminal.com/astr/polkaex_astar/pools,PolkaEx (Astar),
592,,,https://www.geckoterminal.com/astr/ags_finance/pools,AGS Finance,
592,,,https://www.geckoterminal.com/astr/funbeast/pools,FunBeast,
592,,,https://www.geckoterminal.com/astr/astar-exchange-v3/pools,Astar Exchange V3,
592,,,https://www.geckoterminal.com/astr/astar_exchange/pools,Astar Exchange,
820,,,https://www.geckoterminal.com/callisto/soy-finance-callisto/pools,Soy Finance (Callisto),
877,,,https://www.geckoterminal.com/dexit_network/dexit_finance/pools,Dexit Finance,
888,,,https://www.geckoterminal.com/wan/wanswap/pools,WanSwap,
1024,,,https://www.geckoterminal.com/clover-finance/huckleberry_clv/pools,Huckleberry (CLV),
1030,,,https://www.geckoterminal.com/cfx/swappi/pools,Swappi,
1088,,,https://www.geckoterminal.com/metis/hermes_protocol/pools,Hermes Protocol,
1088,,,https://www.geckoterminal.com/metis/netswap/pools,Netswap,
1088,,,https://www.geckoterminal.com/metis/tethys/pools,Tethys,
1088,,,https://www.geckoterminal.com/metis/standard/pools,Standard,
1088,,,https://www.geckoterminal.com/metis/hyperjump_metis/pools,HyperJump (Metis),
1088,,,https://www.geckoterminal.com/metis/agora_swap/pools,Agora Swap,
1101,,,https://www.geckoterminal.com/polygon-zkevm/quickswap-polygon-zkevm/pools,Quickswap (Polygon zkEVM),
1101,,,https://www.geckoterminal.com/polygon-zkevm/doveswap-v3/pools,DoveSwap V3,
1101,,,https://www.geckoterminal.com/polygon-zkevm/leetswap-zkevm/pools,LeetSwap (zkEVM),
1111,,,https://www.geckoterminal.com/wemix/wemix_fi/pools,WEMIX.FI,
1116,,,https://www.geckoterminal.com/core/archerswap/pools,Archerswap,
1116,,,https://www.geckoterminal.com/core/lfgswap-core/pools,LFGswap (Core),
1116,,,https://www.geckoterminal.com/core/icecreamswap-core/pools,Icecreamswap (Core),
1116,,,https://www.geckoterminal.com/core/shadowswap/pools,ShadowSwap,
1116,,,https://www.geckoterminal.com/core/spoon-exchange/pools,Spoon Exchange,
1116,,,https://www.geckoterminal.com/core/nskswap/pools,NSKSwap,
1116,,,https://www.geckoterminal.com/core/satoshicoreswap/pools,SatoshiCoreswap,
1231,,,https://www.geckoterminal.com/ultron/ultronswap/pools,UltronSwap,
1234,,,https://www.geckoterminal.com/step-network/step-exchange/pools,Step Exchange,
1284,,,https://www.geckoterminal.com/glmr/stellaswap-v3/pools,StellaSwap (V3),
1284,,,https://www.geckoterminal.com/glmr/stellaswap/pools,StellaSwap,
1284,,,https://www.geckoterminal.com/glmr/beamswap/pools,Beamswap,
1284,,,https://www.geckoterminal.com/glmr/fraxswap_moonbeam/pools,Fraxswap (Moonbeam),
1284,,,https://www.geckoterminal.com/glmr/curve_moonbeam/pools,Curve (Moonbeam),
1284,,,https://www.geckoterminal.com/glmr/zenlink_moonbeam/pools,Zenlink (Moonbeam),
1284,,,https://www.geckoterminal.com/glmr/solarflare/pools,Solarflare,
1284,,,https://www.geckoterminal.com/glmr/padswap_moonbeam/pools,PadSwap (Moonbeam),
1284,,,https://www.geckoterminal.com/glmr/lunardex/pools,LunarDex,
1284,,,https://www.geckoterminal.com/glmr/thorus_moonbeam/pools,Thorus (Moonbeam),
1285,,,https://www.geckoterminal.com/movr/solarbeam/pools,Solarbeam,
1285,,,https://www.geckoterminal.com/movr/sushiswap_moonriver/pools,Sushiswap (Moonriver),
1285,,,https://www.geckoterminal.com/movr/zenlink_moonriver/pools,Zenlink (Moonriver),
1285,,,https://www.geckoterminal.com/movr/huckleberry/pools,Huckleberry,
1285,,,https://www.geckoterminal.com/movr/seadex/pools,Seadex,
1285,,,https://www.geckoterminal.com/movr/elk_finance_movr/pools,Elk Finance (Moonriver),
1285,,,https://www.geckoterminal.com/movr/firebird_movr/pools,Firebird (Moonriver),
1285,,,https://www.geckoterminal.com/movr/zircon/pools,Zircon,
1285,,,https://www.geckoterminal.com/movr/fraxswap_moonriver/pools,Fraxswap (Moonriver),
1818,,,https://www.geckoterminal.com/cube_network/capricorn/pools,Capricorn,
1975,,,https://www.geckoterminal.com/onus/miaswap/pools,MiaSwap,
2000,,,https://www.geckoterminal.com/dogechain/kibbleswap/pools,Kibbleswap,
2000,,,https://www.geckoterminal.com/dogechain/quickswap_dogechain/pools,Quickswap (Dogechain),
2000,,,https://www.geckoterminal.com/dogechain/dogeswap/pools,DogeSwap,
2000,,,https://www.geckoterminal.com/dogechain/fraxswap_dogechain/pools,Fraxswap (Dogechain),
2000,,,https://www.geckoterminal.com/dogechain/yodeswap/pools,Yodeswap,
2000,,,https://www.geckoterminal.com/dogechain/dogeshrek/pools,Dogeshrek,
2000,,,https://www.geckoterminal.com/dogechain/toolswap/pools,ToolSwap,
2000,,,https://www.geckoterminal.com/dogechain/radioshack-dogechain/pools,Radioshack (Dogechain),
2000,,,https://www.geckoterminal.com/dogechain/bourbon_defi/pools,Bourbon Defi,
2000,,,https://www.geckoterminal.com/dogechain/pupswap/pools,PupSwap,
2001,,,https://www.geckoterminal.com/milkada/occamx/pools,OccamX,
2001,,,https://www.geckoterminal.com/milkada/muesliswap-milkada/pools,MuesliSwap (Milkomeda Cardano),
2001,,,https://www.geckoterminal.com/milkada/milkyswap-milkada/pools,Milkyswap (Milkomeda Cardano),
2020,,,https://www.geckoterminal.com/ronin/katana/pools,Katana,
2109,,,https://www.geckoterminal.com/exosama/khaos_exchange/pools,Khaos Exchange,
2152,,,https://www.geckoterminal.com/findora/fairyswap/pools,Fairyswap,
2222,,,https://www.geckoterminal.com/kava/equilibre/pools,Equilibre,
2222,,,https://www.geckoterminal.com/kava/surfswap/pools,Surfswap,
2222,,,https://www.geckoterminal.com/kava/elk_finance_kava/pools,Elk Finance (Kava),
2222,,,https://www.geckoterminal.com/kava/archly-kava/pools,Archly (Kava),
2222,,,https://www.geckoterminal.com/kava/jupiter_swap/pools,Jupiter Swap,
2222,,,https://www.geckoterminal.com/kava/photonswap_kava/pools,PhotonSwap (Kava),
2611,,,https://www.geckoterminal.com/redlight_chain/dawnswap/pools,DawnSwap,
3000,,,https://www.geckoterminal.com/echelon/defy_swap/pools,DeFy Swap,
3000,,,https://www.geckoterminal.com/echelon/ech_swap/pools,ECH Swap,
3693,,,https://www.geckoterminal.com/empire_network/empiredex_empire/pools,EmpireDEX (Empire),
3797,,,https://www.geckoterminal.com/alvey/alveyswap/pools,AlveySwap,
4099,,,https://www.geckoterminal.com/bitindi-chain/bitindi-dex/pools,Bitindi Dex,
4689,,,https://www.geckoterminal.com/iotx/mimo/pools,Mimo,
4689,,,https://www.geckoterminal.com/iotx/elk_finance_iotex/pools,Elk Finance (IoTeX),
6969,,,https://www.geckoterminal.com/tombchain/lif3/pools,lif3,
7700,,,https://www.geckoterminal.com/canto/canto_dex/pools,Canto DEX,
7700,,,https://www.geckoterminal.com/canto/velocimeter_v2/pools,Velocimeter V2,
7700,,,https://www.geckoterminal.com/canto/velocimeter/pools,Velocimeter,
7700,,,https://www.geckoterminal.com/canto/forteswap/pools,Forteswap,
7700,,,https://www.geckoterminal.com/canto/leetswap-canto/pools,LeetSwap (Canto),
7700,,,https://www.geckoterminal.com/canto/cantoswap/pools,CantoSwap,
8217,,,https://www.geckoterminal.com/klaytn/klayswap/pools,KLAYSwap,
8217,,,https://www.geckoterminal.com/klaytn/claimswap/pools,Claimswap,
8217,,,https://www.geckoterminal.com/klaytn/defi_kingdoms_serendale/pools,DeFi Kingdoms (Serendale),
9001,,,https://www.geckoterminal.com/evmos/spacefi/pools,SpaceFi,
9001,,,https://www.geckoterminal.com/evmos/diffusion/pools,Diffusion,
9001,,,https://www.geckoterminal.com/evmos/cronus_finance/pools,Cronus Finance,
9001,,,https://www.geckoterminal.com/evmos/evmoswap/pools,EvmoSwap,
9001,,,https://www.geckoterminal.com/evmos/forge/pools,Forge,
9117,,,https://www.geckoterminal.com/bonerium/boneswap/pools,Boneswap,
10000,,,https://www.geckoterminal.com/bch/mistswap/pools,MistSwap,
10000,,,https://www.geckoterminal.com/bch/tangoswap/pools,TangoSwap,
10000,,,https://www.geckoterminal.com/bch/lawswap/pools,Lawswap,
10000,,,https://www.geckoterminal.com/bch/benswap/pools,BenSwap,
10000,,,https://www.geckoterminal.com/bch/cowswap_smartbch/pools,CowSwap (SmartBCH),
10000,,,https://www.geckoterminal.com/bch/emberswap/pools,EmberSwap,
10000,,,https://www.geckoterminal.com/bch/1bch/pools,1BCH,
10000,,,https://www.geckoterminal.com/bch/tropical_finance/pools,Tropical Finance,
10001,,,https://www.geckoterminal.com/ethw/powerswap/pools,PowerSwap,
10001,,,https://www.geckoterminal.com/ethw/lfgswap/pools,LFGswap,
10001,,,https://www.geckoterminal.com/ethw/uniwswap/pools,UniWswap,
10001,,,https://www.geckoterminal.com/ethw/powswap/pools,Powswap,
10001,,,https://www.geckoterminal.com/ethw/uniswap_v2_ethpow/pools,Uniswap V2 (ETHW),
10001,,,https://www.geckoterminal.com/ethw/zergswap-v3/pools,Zergswap (V3),
10001,,,https://www.geckoterminal.com/ethw/cakewswap/pools,CakeWSwap,
10001,,,https://www.geckoterminal.com/ethw/zergswap-v2/pools,Zergswap V2,
10001,,,https://www.geckoterminal.com/ethw/radioshack-ethw/pools,Radioshack (ETHW),
15551,,,https://www.geckoterminal.com/loop-network/sphynx-loop-network/pools,Sphynx (Loop Network),
17777,,,https://www.geckoterminal.com/eos-evm/neutroswap/pools,Neutroswap,
17777,,,https://www.geckoterminal.com/eos-evm/frogge-finance/pools,Frogge Finance,
17777,,,https://www.geckoterminal.com/eos-evm/noahswap/pools,NoahSwap,
17777,,,https://www.geckoterminal.com/eos-evm/eoswap-finance/pools,EOSWAP Finance,
20402,,,https://www.geckoterminal.com/muuchain/barnswap/pools,Barnswap,
32520,,,https://www.geckoterminal.com/bitgert/sphynx_brise/pools,Sphynx (Brise),
32520,,,https://www.geckoterminal.com/bitgert/icecreamswap/pools,Icecreamswap,
39797,,,https://www.geckoterminal.com/nrg/energiswap/pools,Energiswap,
42161,,,https://www.geckoterminal.com/arbitrum/uniswap_v3_arbitrum/pools,Uniswap V3 (Arbitrum),
42161,,,https://www.geckoterminal.com/arbitrum/sushiswap_arbitrum/pools,SushiSwap (Arbitrum),
42161,,,https://www.geckoterminal.com/arbitrum/curve_arbitrum/pools,Curve (Arbitrum),
42161,,,https://www.geckoterminal.com/arbitrum/camelot/pools,Camelot,
42161,,,https://www.geckoterminal.com/arbitrum/traderjoe-v2-1-arbitrum/pools,TraderJoe V2.1 (Arbitrum),
42161,,,https://www.geckoterminal.com/arbitrum/chronos/pools,Chronos,
42161,,,https://www.geckoterminal.com/arbitrum/camelot-v3/pools,Camelot V3,
42161,,,https://www.geckoterminal.com/arbitrum/balancer_arbitrum/pools,Balancer (Arbitrum),
42161,,,https://www.geckoterminal.com/arbitrum/ramses/pools,Ramses,
42161,,,https://www.geckoterminal.com/arbitrum/arbidex/pools,Arbidex,
42161,,,https://www.geckoterminal.com/arbitrum/traderjoe-v2-arbitrum/pools,TraderJoe V2 (Arbitrum),
42161,,,https://www.geckoterminal.com/arbitrum/mmfinance-v3-arbitrum/pools,MMFinance V3 (Arbitrum),
42161,,,https://www.geckoterminal.com/arbitrum/swaprum/pools,Swaprum,
42161,,,https://www.geckoterminal.com/arbitrum/kyberswap_classic_arbitrum/pools,Kyberswap Classic (Arbitrum),
42161,,,https://www.geckoterminal.com/arbitrum/3xcalibur/pools,3xcalibur,
42161,,,https://www.geckoterminal.com/arbitrum/arbswap_arbitrum_one/pools,Arbswap (Arbitrum One),
42161,,,https://www.geckoterminal.com/arbitrum/mm-finance-arbitrum/pools,MM Finance (Arbitrum),
42161,,,https://www.geckoterminal.com/arbitrum/lfgswap-arbitrum/pools,LFGswap (Arbitrum),
42161,,,https://www.geckoterminal.com/arbitrum/auragi/pools,Auragi,
42161,,,https://www.geckoterminal.com/arbitrum/solidlizard/pools,SolidLizard,
42161,,,https://www.geckoterminal.com/arbitrum/zyberswap/pools,Zyberswap,
42161,,,https://www.geckoterminal.com/arbitrum/fraxswap_arbitrum/pools,Fraxswap (Arbitrum),
42161,,,https://www.geckoterminal.com/arbitrum/kyberswap_elastic_arbitrum/pools,Kyberswap Elastic (Arbitrum),
42161,,,https://www.geckoterminal.com/arbitrum/sterling/pools,Sterling,
42161,,,https://www.geckoterminal.com/arbitrum/arbswap-stableswap-arbitrum/pools,Arbswap StableSwap (Arbitrum),
42161,,,https://www.geckoterminal.com/arbitrum/oreoswap/pools,OreoSwap,
42161,,,https://www.geckoterminal.com/arbitrum/swapr_arbitrum/pools,Swapr (Arbitrum),
42161,,,https://www.geckoterminal.com/arbitrum/magicswap/pools,Magicswap,
42161,,,https://www.geckoterminal.com/arbitrum/mindgames-arbitrum/pools,Mindgames (Arbitrum),
42161,,,https://www.geckoterminal.com/arbitrum/whitehole-arbitrum/pools,Whitehole (Arbitrum),
42161,,,https://www.geckoterminal.com/arbitrum/apeswap-arbitrum/pools,Apeswap (Arbitrum),
42161,,,https://www.geckoterminal.com/arbitrum/alienfi/pools,AlienFi,
42161,,,https://www.geckoterminal.com/arbitrum/oasisswap/pools,OasisSwap,
42161,,,https://www.geckoterminal.com/arbitrum/elk_finance_arbitrum/pools,Elk Finance (Arbitrum),
42161,,,https://www.geckoterminal.com/arbitrum/swapfish/pools,SwapFish,
42161,,,https://www.geckoterminal.com/arbitrum/arbiswap/pools,ArbiSwap,
42161,,,https://www.geckoterminal.com/arbitrum/aegis/pools,Aegis,
42161,,,https://www.geckoterminal.com/arbitrum/archly-arbitrum/pools,Archly (Arbitrum),
42161,,,https://www.geckoterminal.com/arbitrum/sharkyswap/pools,SharkySwap,
42170,,,https://www.geckoterminal.com/arbitrum_nova/arbswap_arbitrum_nova/pools,Arbswap (Arbitrum Nova),
42170,,,https://www.geckoterminal.com/arbitrum_nova/sushiswap_arbitrum_nova/pools,SushiSwap (Arbitrum Nova),
42170,,,https://www.geckoterminal.com/arbitrum_nova/rcpswap/pools,RCP Swap,
42170,,,https://www.geckoterminal.com/arbitrum_nova/archly-arbitrum-nova/pools,Archly (Arbitrum Nova),
42170,,,https://www.geckoterminal.com/arbitrum_nova/arbswap-stableswap-arbitrum-nova/pools,Arbswap StableSwap (Arbitrum Nova),
42220,,,https://www.geckoterminal.com/celo/uniswap_v3_celo/pools,Uniswap V3 (Celo),
42220,,,https://www.geckoterminal.com/celo/ubeswap/pools,Ubeswap,
42220,,,https://www.geckoterminal.com/celo/sushiswap_celo/pools,Sushiswap (CELO),
42220,,,https://www.geckoterminal.com/celo/celodex/pools,CeloDEX,
42262,,,https://www.geckoterminal.com/oasis/yuzuswap_oasis_emerald/pools,YuzuSwap (Oasis Emerald),
42262,,,https://www.geckoterminal.com/oasis/gemkeeper/pools,GemKeeper,
42262,,,https://www.geckoterminal.com/oasis/lizard-exchange/pools,Lizard Exchange,
42262,,,https://www.geckoterminal.com/oasis/valleyswap/pools,ValleySwap,
42262,,,https://www.geckoterminal.com/oasis/duneswap/pools,Duneswap,
43114,,,https://www.geckoterminal.com/avax/traderjoe-v2-1-avalanche/pools,TraderJoe V2.1 (Avalanche),
43114,,,https://www.geckoterminal.com/avax/traderjoe-v2-avalanche/pools,TraderJoe V2 (Avalanche),
43114,,,https://www.geckoterminal.com/avax/traderjoe/pools,TraderJoe,
43114,,,https://www.geckoterminal.com/avax/pangolin/pools,Pangolin,
43114,,,https://www.geckoterminal.com/avax/kyberswap_classic_avalanche/pools,Kyberswap Classic (Avalanche),
43114,,,https://www.geckoterminal.com/avax/solisnek/pools,SoliSnek,
43114,,,https://www.geckoterminal.com/avax/curve_avalanche/pools,Curve (Avalanche),
43114,,,https://www.geckoterminal.com/avax/glacier/pools,Glacier,
43114,,,https://www.geckoterminal.com/avax/flair-dex/pools,Flair Dex,
43114,,,https://www.geckoterminal.com/avax/kyberswap_elastic_avalanche/pools,Kyberswap Elastic (Avalanche),
43114,,,https://www.geckoterminal.com/avax/sushiswap_avalanche/pools,Sushiswap (Avalanche),
43114,,,https://www.geckoterminal.com/avax/elk_finance_avax/pools,Elk Finance (Avalanche),
43114,,,https://www.geckoterminal.com/avax/fraxswap_avalanche/pools,Fraxswap (Avalanche),
43114,,,https://www.geckoterminal.com/avax/swapsicle/pools,Swapsicle,
43114,,,https://www.geckoterminal.com/avax/lydia_finance/pools,Lydia Finance,
43114,,,https://www.geckoterminal.com/avax/hurricaneswap/pools,HurricaneSwap,
43114,,,https://www.geckoterminal.com/avax/vapordex/pools,VaporDex,
43114,,,https://www.geckoterminal.com/avax/soulswap_avalanche/pools,Soulswap (Avalanche),
43114,,,https://www.geckoterminal.com/avax/radioshack_avalanche/pools,RadioShack (Avalanche),
43114,,,https://www.geckoterminal.com/avax/baguette/pools,Baguette,
43114,,,https://www.geckoterminal.com/avax/yetiswap/pools,YetiSwap,
43114,,,https://www.geckoterminal.com/avax/onavax/pools,onAVAX,
43114,,,https://www.geckoterminal.com/avax/hakuswap/pools,HakuSwap,
43114,,,https://www.geckoterminal.com/avax/hunnyswap/pools,HunnySwap,
43114,,,https://www.geckoterminal.com/avax/thorus/pools,Thorus,
43114,,,https://www.geckoterminal.com/avax/spice_trade_avalanche/pools,Spice Trade (Avalanche),
43114,,,https://www.geckoterminal.com/avax/apexswap/pools,Apexswap,
43114,,,https://www.geckoterminal.com/avax/firebird_avax/pools,Firebird (Avalanche),
53935,,,https://www.geckoterminal.com/dfk/defi_kingdoms_crystalvale/pools,Defi Kingdoms (Crystalvale),
62621,,,https://www.geckoterminal.com/multivac/vax/pools,Vax,
71402,,,https://www.geckoterminal.com/godwoken/yokaiswap/pools,Yokaiswap,
73772,,,https://www.geckoterminal.com/swimmer_network/spandexswap/pools,SpandexSwap,
78887,,,https://www.geckoterminal.com/lung-chain/lunagens/pools,Lunagens,
210425,,,https://www.geckoterminal.com/platon_network/dipoleswap/pools,DipoleSwap,
420420,,,https://www.geckoterminal.com/kekchain/kekswap/pools,KekSwap,
420420,,,https://www.geckoterminal.com/kekchain/frogswap/pools,FrogSwap,
513100,,,https://www.geckoterminal.com/ethereumfair/fairswap/pools,FairSwap,
513100,,,https://www.geckoterminal.com/ethereumfair/uniswap_v2_etf/pools,Uniswap V2 (ETF),
513100,,,https://www.geckoterminal.com/ethereumfair/radioshack-etf/pools,Radioshack (ETHF),
535037,,,https://www.geckoterminal.com/beaneco-smartchain/beanswap/pools,BeanSwap,
20202021,,,https://www.geckoterminal.com/poochain/pooswap/pools,PooSwap,
1313161554,,,https://www.geckoterminal.com/aurora/trisolaris/pools,Trisolaris,
1313161554,,,https://www.geckoterminal.com/aurora/wannaswap/pools,WannaSwap,
1313161554,,,https://www.geckoterminal.com/aurora/auroraswap/pools,AuroraSwap,
1313161554,,,https://www.geckoterminal.com/aurora/nearpad/pools,Nearpad,
1313161554,,,https://www.geckoterminal.com/aurora/holdr/pools,Holdr,
1313161554,,,https://www.geckoterminal.com/aurora/polaris/pools,Polaris,
1313161554,,,https://www.geckoterminal.com/aurora/amaterasu/pools,Amaterasu,
1313161554,,,https://www.geckoterminal.com/aurora/mindgames/pools,MindGames,
1501795822,,,https://www.geckoterminal.com/apex/sphynx-apex/pools,Sphynx (Apex),
1666600000,,,https://www.geckoterminal.com/one/tranquil_finance/pools,Tranquil Finance,
1666600000,,,https://www.geckoterminal.com/one/defi_kingdoms/pools,DeFi Kingdoms,
1666600000,,,https://www.geckoterminal.com/one/sushiswap_harmony/pools,Sushiswap (Harmony),
1666600000,,,https://www.geckoterminal.com/one/elk_finance_one/pools,Elk Finance (Harmony),
1666600000,,,https://www.geckoterminal.com/one/viperswap/pools,ViperSwap,
1666600000,,,https://www.geckoterminal.com/one/fuzz_finance/pools,Fuzz Finance,
1666600000,,,https://www.geckoterminal.com/one/foxswap/pools,FoxSwap,
1666600000,,,https://www.geckoterminal.com/one/openswap/pools,OpenSwap,
1666600000,,,https://www.geckoterminal.com/one/lootswap/pools,Lootswap,
1666600000,,,https://www.geckoterminal.com/one/hermesdefi/pools,HermesDefi,
1666600000,,,https://www.geckoterminal.com/one/wagmidao/pools,WagmiDAO,
1666600000,,,https://www.geckoterminal.com/one/bossswap/pools,BossSwap,
