network_chain_id,network_explorer_url,network_geckoterminal_url,network_identifier,network_name,network_native_currency_address,network_native_currency_symbol
1,https://etherscan.io,https://www.geckoterminal.com/eth/pools,eth,Ethereum,0xc02aaa39b223fe8d0a0e5c4f27ead9083c756cc2,ETH
56,https://bscscan.com,https://www.geckoterminal.com/bsc/pools,bsc,BNB Chain,0xbb4cdb9cbd36b01bd1cbaebf2de08d9173bc095c,BNB
42161,https://arbiscan.io,https://www.geckoterminal.com/arbitrum/pools,arbitrum,Arbitrum,0x82af49447d8a07e3bd95bd0d56f35241523fbab1,ETH
137,https://polygonscan.com,https://www.geckoterminal.com/polygon_pos/pools,polygon_pos,Polygon POS,0x7ceb23fd6bc0add59e62ac25578270cff1b9f619,ETH
10,https://optimistic.etherscan.io,https://www.geckoterminal.com/optimism/pools,optimism,Optimism,0x4200000000000000000000000000000000000006,ETH
43114,https://avascan.info/blockchain/c,https://www.geckoterminal.com/avax/pools,avax,Avalanche,0xb31f66aa3c1e785363f0875a1b74e27b85fd66c7,AVAX
324,https://explorer.zksync.io,https://www.geckoterminal.com/zksync/pools,zksync,ZkSync,0x5aea5775959fbc2557cc8789bc1bf90a239d9a91,eth
250,https://ftmscan.com,https://www.geckoterminal.com/ftm/pools,ftm,Fantom,0x21be370d5312f44cb42ce377bc9b8a0cef1a4c83,FTM
7700,https://evm.explorer.canto.io,https://www.geckoterminal.com/canto/pools,canto,Canto,0x826551890dc65655a0aceca109ab11abdbd7a07b,canto
8217,https://scope.klaytn.com,https://www.geckoterminal.com/klaytn/pools,klaytn,Klaytn,0xe4f05a66ec68b54a58b17c22107b02e0232cc817,KLAY
1030,https://evm.confluxscan.io,https://www.geckoterminal.com/cfx/pools,cfx,Conflux,0x14b2d3bc65e74dae1030eafd8ac30c533c976a9b,cfx
1088,https://andromeda-explorer.metis.io,https://www.geckoterminal.com/metis/pools,metis,Metis,0xdeaddeaddeaddeaddeaddeaddeaddeaddead0000,METIS
1116,https://scan.coredao.org,https://www.geckoterminal.com/core/pools,core,Core,0x40375c92d9faf44d2f9db9bd9ba41a3317a2404f,CORE
25,https://cronoscan.com/tx,https://www.geckoterminal.com/cro/pools,cro,Cronos,0x5c7f8a570d578ed84e63fdfa7b1ee72deae1ae23,CRO
2020,https://explorer.roninchain.com,https://www.geckoterminal.com/ronin/pools,ronin,Ronin,0xc99a6a985ed2cac1ef41640596c5a5f9f4e19ef5,eth
42170,https://nova.arbiscan.io,https://www.geckoterminal.com/arbitrum_nova/pools,arbitrum_nova,Arbitrum Nova,0x722e8bdd2ce80a4422e880164f2079488e115365,ETH
199,https://bttcscan.com,https://www.geckoterminal.com/bttc/pools,bttc,BitTorrent,0x8d193c6efa90bcff940a98785d1ce9d093d3dc8a,btt
128,https://hecoinfo.com,https://www.geckoterminal.com/heco/pools,heco,Huobi ECO Chain,0x5545153ccfca01fbd7dd11c0b23ba694d9509a6f,HT
1101,https://zkevm.polygonscan.com,https://www.geckoterminal.com/polygon-zkevm/pools,polygon-zkevm,Polygon zkEVM,0x4f9a0e7fd2bf6067db6994cf12e4495df938e6e9,eth
1111,https://explorer.wemix.com,https://www.geckoterminal.com/wemix/pools,wemix,WEMIX,0x7d72b22a74a216af4a002a1095c8c707d6ec1c5f,WEMIX
1284,https://moonscan.io,https://www.geckoterminal.com/glmr/pools,glmr,Moonbeam,0xacc15dc74880c9944775448304b263d191c6077f,GLMR
1666600000,https://explorer.harmony.one,https://www.geckoterminal.com/one/pools,one,Harmony,0xcf664087a5bb0237a0bad6742852ec6c8d69a27a,ONE
2222,https://explorer.kava.io,https://www.geckoterminal.com/kava/pools,kava,Kava,0xc86c7c0efbd6a49b35e8714c5f59d99de09a225b,kava
66,https://www.oklink.com/oec/,https://www.geckoterminal.com/okexchain/pools,okexchain,OKExChain,0x8f8526dbfd6e38e3d8307702ca8469bae6c56c15,OKT
42220,https://explorer.celo.org,https://www.geckoterminal.com/celo/pools,celo,CELO,0x471ece3750da237f93b8e339c536989b8978a438,CELO
530,https://starscan.io/evm,https://www.geckoterminal.com/fx/pools,fx,FX,0x80b5a32e4f032b2a058b4f29ec95eefeeb87adcd,FX
2000,https://explorer.dogechain.dog,https://www.geckoterminal.com/dogechain/pools,dogechain,Dogechain,0xb7ddc6414bf4f5515b52d8bdd69973ae205ff101,doge
53935,https://avascan.info/blockchain/dfk,https://www.geckoterminal.com/dfk/pools,dfk,DFK Chain,0x04b9da42306b023f3572e106b11d82aad9d32ebb,CRYSTAL
592,https://blockscout.com/astar,https://www.geckoterminal.com/astr/pools,astr,Astar,0xaeaaf0e2c81af264101b9129c00f4440ccf0f720,ASTR
321,https://explorer.kcc.io,https://www.geckoterminal.com/kcc/pools,kcc,Kucoin Community Chain,0x4446fc4eb47f2f6586f9faab68b3498f86c07521,KCS
1231,https://ulxscan.com,https://www.geckoterminal.com/ultron/pools,ultron,Ultron,0x3a4f06431457de873b588846d139ec0d86275d54,ulx
10000,https://www.smartscan.cash,https://www.geckoterminal.com/bch/pools,bch,SmartBCH,0x3743ec0673453e5009310c727ba4eaf7b3a1cc04,BCH
100,https://blockscout.com/xdai/mainnet,https://www.geckoterminal.com/xdai/pools,xdai,Gnosis XDAI,0xe91d153e0b41518a2ce8dd3d7944fa863463a97d,XDAI
1285,https://moonriver.moonscan.io,https://www.geckoterminal.com/movr/pools,movr,Moonriver,0x98878b06940ae243284ca214f92bb71a2b032b8a,MOVR
106,https://evmexplorer.velas.com,https://www.geckoterminal.com/velas/pools,velas,Velas,0xc579d1f3cf86749e05cd06f7ade17856c2ce3126,VLX
42262,https://explorer.emerald.oasis.dev,https://www.geckoterminal.com/oasis/pools,oasis,Oasis Emerald,0x21c718c22d52d0f3a789b752d4c2fd5908a8a733,ROSE
1313161554,https://aurorascan.dev,https://www.geckoterminal.com/aurora/pools,aurora,Aurora,0xc42c30ac6cc15fac9bd938618bcaa1a1fae8501d,NEAR
19,https://songbird-explorer.flare.network,https://www.geckoterminal.com/songbird/pools,songbird,Songbird,0x02f0826ef6ad107cfc861152b32b52fd11bab9ed,SGB
24,https://explorer.kardiachain.io,https://www.geckoterminal.com/kai/pools,kai,Kardiachain,0xaf984e23eaa3e7967f3c5e007fbe397d8566d23d,KAI
888,https://www.wanscan.org,https://www.geckoterminal.com/wan/pools,wan,Wanchain,0xdabd997ae5e4799be47d6e69d9431615cba28f48,wan
9001,https://evm.evmos.org,https://www.geckoterminal.com/evmos/pools,evmos,Evmos,0xd4949664cd82660aae99bedc034a0dea8a0bd517,EVMOS
71402,https://v1.gwscan.com,https://www.geckoterminal.com/godwoken/pools,godwoken,Godwoken,0xc296f806d15e97243a08334256c705ba5c5754cd,ckb
4689,https://iotexscan.io,https://www.geckoterminal.com/iotx/pools,iotx,IOTEX,0xa00744882684c3e4747faefd68d283ea44099d03,IOTX
2611,https://redlightscan.finance,https://www.geckoterminal.com/redlight_chain/pools,redlight_chain,Redlight Chain,0x00f22f97e249b980a1df5a091fccbd6599600779,REDLC
1975,https://explorer.onuschain.io,https://www.geckoterminal.com/onus/pools,onus,ONUS,0x4c761e48d1e735af551cc38abcbdce1d7faac6e4,ONUS
2001,https://explorer-mainnet-cardano-evm.c1.milkomeda.com,https://www.geckoterminal.com/milkada/pools,milkada,Milkomeda Cardano,0xae83571000af4499798d1e3b0fa0070eb3a3e3f9,MilkADA
1234,https://stepscan.io,https://www.geckoterminal.com/step-network/pools,step-network,Step Network,0xb58a9d5920af6ac1a9522b0b10f55df16686d1b6,FITFI
6969,https://tombscout.com,https://www.geckoterminal.com/tombchain/pools,tombchain,Tombchain,0xdeaddeaddeaddeaddeaddeaddeaddeaddead0000,tomb
32520,https://brisescan.com,https://www.geckoterminal.com/bitgert/pools,bitgert,Bitgert,0x0eb9036cbe0f052386f36170c6b07ef0a0e3f710,brise
210425,https://scan.platon.network,https://www.geckoterminal.com/platon_network/pools,platon_network,PlatON Network,0x02406d561069cbed27ef8ea20afd41779a90e2bf,LAT
535037,https://bescscan.io,https://www.geckoterminal.com/beaneco-smartchain/pools,beaneco-smartchain,BeanEco SmartChain,0xbe864aa7e4f802b7f7a3be2dc388b9d96e3f434c,besc
50,https://explorer.xinfin.network,https://www.geckoterminal.com/xdc/pools,xdc,XDC,0x951857744785e80e2de051c32ee7b25f9c458c42,xdc
96,https://www.bkcscan.com,https://www.geckoterminal.com/bitkub_chain/pools,bitkub_chain,Bitkub Chain,0x67ebd850304c70d983b2d1b93ea79c7cd6c3f6b5,kub
88,https://tomoscan.io,https://www.geckoterminal.com/tomochain/pools,tomochain,Tomochain,0xb1f66997a5760428d3a87d68b90bfe0ae64121cc,tomo
248,https://scan.oasys.games,https://www.geckoterminal.com/oasys/pools,oasys,Oasys,0x5200000000000000000000000000000000000001,OAS
820,https://explorer.callisto.network,https://www.geckoterminal.com/callisto/pools,callisto,Callisto,0xf5ad6f6edec824c7fd54a66d241a227f6503ad3a,clo
57,https://explorer.syscoin.org,https://www.geckoterminal.com/sys/pools,sys,Syscoin,0xd3e822f3ef011ca5f17d82c956d952d8d7c3a1bb,SYS
17777,https://explorer.evm.eosnetwork.com,https://www.geckoterminal.com/eos-evm/pools,eos-evm,EOS EVM,0xc00592aa41d32d137dc480d9f6d0df19b860104f,eos
10001,https://www.oklink.com/ethw/,https://www.geckoterminal.com/ethw/pools,ethw,EthereumPOW,0xc02aaa39b223fe8d0a0e5c4f27ead9083c756cc2,ethw
15551,https://explorer.mainnetloop.com,https://www.geckoterminal.com/loop-network/pools,loop-network,Loop Network,0x3936d20a39ed4b0d44eabfc91757b182f14a38d5,loop
416,https://explorer.sx.technology,https://www.geckoterminal.com/sxn/pools,sxn,SX Network,0xaa99be3356a11ee92c3f099bd7a038399633566f,sx
108,https://viewblock.io/thundercore,https://www.geckoterminal.com/thundercore/pools,thundercore,ThunderCore,0x413cefea29f2d07b8f2acfa69d92466b9535f717,tt
5,https://goerli.etherscan.io,https://www.geckoterminal.com/goerli-testnet/pools,goerli-testnet,Goerli Testnet,0xb4fbf271143f4fbf7b91a5ded31805e42b2208d6,geth
82,https://scan.meter.io,https://www.geckoterminal.com/mtr/pools,mtr,Meter,0x228ebbee999c6a7ad74a6130e81b12f9fe237ba3,MTRG
20,https://esc.elastos.io,https://www.geckoterminal.com/ela/pools,ela,Elastos,0x517e9e5d46c1ea8ab6f78677d6114ef47f71f6c4,ELA
122,https://explorer.fuse.io,https://www.geckoterminal.com/fuse/pools,fuse,Fuse,0x0be9e53fd7edac9f859882afdda116645287c629,FUSE
2109,https://explorer.exosama.com,https://www.geckoterminal.com/exosama/pools,exosama,Exosama,0x8c992cba48189a79204223d106fcb1d797a5f87a,SAMA
1501795822,https://scan.theapexchain.org,https://www.geckoterminal.com/apex/pools,apex,Apex,0x80b6f432d3acd773803ffbe0150ca7412d67ca76,omnia
14,https://flare-explorer.flare.network,https://www.geckoterminal.com/flare/pools,flare,Flare,0x1d80c49bbbcd1c0911346656b529df9e5c2f783d,FLR
336,https://blockscout.com/shiden,https://www.geckoterminal.com/sdn/pools,sdn,Shiden,0x0f933dc137d21ca519ae4c7e93f87a4c8ef365ef,WSDN
61,https://www.oklink.com/etc/,https://www.geckoterminal.com/ethereum_classic/pools,ethereum_classic,Ethereum Classic,0x82a618305706b14e7bcf2592d4b9324a366b6dad,etc
3693,https://explorer.empirenetwork.io,https://www.geckoterminal.com/empire_network/pools,empire_network,Empire Network,0xc84d8d03aa41ef941721a4d77b24bb44d7c7ac55,EMPIRE
39797,https://explorer.energi.network,https://www.geckoterminal.com/nrg/pools,nrg,Energi,0xa55f26319462355474a9f2c8790860776a329aa4,nrg
288,https://blockexplorer.boba.network,https://www.geckoterminal.com/boba/pools,boba,Boba Network,0xdeaddeaddeaddeaddeaddeaddeaddeaddead0000,BOBA
20202021,https://pooscan.co,https://www.geckoterminal.com/poochain/pools,poochain,Poochain,0x28e8e40abd4c51817a2fae589257fa48f115bc36,poop
2152,https://evm.findorascan.io,https://www.geckoterminal.com/findora/pools,findora,Findora,0x0000000000000000000000000000000000001000,fra
20402,https://explorer.muuchain.com,https://www.geckoterminal.com/muuchain/pools,muuchain,MuuChain,0x875358f6194d7c622d6355455f3137cceb2955c4,MUU
1818,https://cubescan.network,https://www.geckoterminal.com/cube_network/pools,cube_network,CUBE Network,0x9d3f61338d6eb394e378d28c1fd17d5909ac6591,cube
62621,https://mtvscout.com,https://www.geckoterminal.com/multivac/pools,multivac,MultiVAC,0x8e321596267a4727746b2f48bc8736db5da26977,mtv
513100,https://www.oklink.com/ethf/,https://www.geckoterminal.com/ethereumfair/pools,ethereumfair,EthereumFair,0xc02aaa39b223fe8d0a0e5c4f27ead9083c756cc2,ETF
9117,https://bonerscan.com,https://www.geckoterminal.com/bonerium/pools,bonerium,Bonerium,0xcda1fa23ff3b9b7172be82237bf662efb69437e9,bone
1024,https://clvscan.com,https://www.geckoterminal.com/clover-finance/pools,clover-finance,Clover Finance,0x6d6ad95425fcf315c39fa6f3226471d4f16f27b3,clv
70,https://hooscan.com,https://www.geckoterminal.com/hsc/pools,hsc,Hoo Smart Chain,0x3eff9d389d13d6352bfb498bcf616ef9b1beac87,hoo
3000,https://app.ech.network/explorer,https://www.geckoterminal.com/echelon/pools,echelon,Echelon,0x4df9da1037108ed96c71fa77b85395cc21a86d60,ech
877,https://dxtscan.com,https://www.geckoterminal.com/dexit_network/pools,dexit_network,Dexit Network,0x414b8baf9950c87804cf7e23bb43a58ae7e1e202,DXT
3797,https://alveyscan.com,https://www.geckoterminal.com/alvey/pools,alvey,Alvey,0xcb3e9919c56eff1004e54175a01e39163a352129,ALV
40,https://www.teloscan.io,https://www.geckoterminal.com/tlos/pools,tlos,Telos,0xd102ce6a4db07d247fcc28f366a623df0938ca9e,WTLOS
73772,https://avascan.info/blockchain/swimmer,https://www.geckoterminal.com/swimmer_network/pools,swimmer_network,Swimmer Network,0x9c765eee6eff9cf1337a1846c0d93370785f6c92,TUS
420420,https://mainnet-explorer.kekchain.com,https://www.geckoterminal.com/kekchain/pools,kekchain,Kekchain,0x71ec0cb8f7dd4f4c5bd4204015c4c287fbdaa04a,kek
4099,https://bitindiscan.com,https://www.geckoterminal.com/bitindi-chain/pools,bitindi-chain,Bitindi Chain,0x15e162205421dc3a47b15a1a740fbf5eabb77921,bni
314,https://filscan.io,https://www.geckoterminal.com/filecoin/pools,filecoin,Filecoin,0x205ccece7585ddaf06bb765585e769dc381deb64,FIL
87,https://novascan.io/overview,https://www.geckoterminal.com/nova-network/pools,nova-network,Nova Network,0x657a66332a65b535da6c5d67b8cd1d410c161a08,snt
78887,https://lunagens.info,https://www.geckoterminal.com/lung-chain/pools,lung-chain,Lung Chain,0xf51666bcb4b787df919395258fb1d9556f4e357b,lung
