url,text
https://www.geckoterminal.com/sui-network/pools,✨Sui Network
https://www.geckoterminal.com/eth/pools,Ethereum
https://www.geckoterminal.com/bsc/pools,BNB Chain
https://www.geckoterminal.com/arbitrum/pools,Arbitrum
https://www.geckoterminal.com/polygon_pos/pools,Polygon POS
https://www.geckoterminal.com/optimism/pools,Optimism
https://www.geckoterminal.com/avax/pools,Avalanche
https://www.geckoterminal.com/canto/pools,Canto
https://www.geckoterminal.com/zksync/pools,ZkSync
https://www.geckoterminal.com/ftm/pools,Fantom
https://www.geckoterminal.com/solana/pools,Solana
https://www.geckoterminal.com/klaytn/pools,Klaytn
https://www.geckoterminal.com/wemix/pools,WEMIX
https://www.geckoterminal.com/ronin/pools,Ronin
https://www.geckoterminal.com/core/pools,Core
https://www.geckoterminal.com/cro/pools,Cronos
https://www.geckoterminal.com/metis/pools,Metis
https://www.geckoterminal.com/cfx/pools,Conflux
https://www.geckoterminal.com/aptos/pools,Aptos
https://www.geckoterminal.com/glmr/pools,Moonbeam
https://www.geckoterminal.com/one/pools,Harmony
https://www.geckoterminal.com/arbitrum_nova/pools,Arbitrum Nova
https://www.geckoterminal.com/kai/pools,Kardiachain
https://www.geckoterminal.com/kava/pools,Kava
https://www.geckoterminal.com/heco/pools,Huobi ECO Chain
https://www.geckoterminal.com/kcc/pools,Kucoin Community Chain
https://www.geckoterminal.com/dogechain/pools,Dogechain
https://www.geckoterminal.com/okexchain/pools,OKExChain
https://www.geckoterminal.com/bttc/pools,BitTorrent
https://www.geckoterminal.com/dfk/pools,DFK Chain
https://www.geckoterminal.com/astr/pools,Astar
https://www.geckoterminal.com/celo/pools,CELO
https://www.geckoterminal.com/songbird/pools,Songbird
https://www.geckoterminal.com/fx/pools,FX
https://www.geckoterminal.com/xdai/pools,Gnosis XDAI
https://www.geckoterminal.com/movr/pools,Moonriver
https://www.geckoterminal.com/aurora/pools,Aurora
https://www.geckoterminal.com/ultron/pools,Ultron
https://www.geckoterminal.com/bitkub_chain/pools,Bitkub Chain
https://www.geckoterminal.com/polygon-zkevm/pools,Polygon zkEVM
https://www.geckoterminal.com/wan/pools,Wanchain
https://www.geckoterminal.com/iotx/pools,IOTEX
https://www.geckoterminal.com/oasys/pools,Oasys
https://www.geckoterminal.com/terra/pools,Terra Classic
https://www.geckoterminal.com/oasis/pools,Oasis Emerald
https://www.geckoterminal.com/godwoken/pools,Godwoken
https://www.geckoterminal.com/step-network/pools,Step Network
https://www.geckoterminal.com/velas/pools,Velas
https://www.geckoterminal.com/bch/pools,SmartBCH
https://www.geckoterminal.com/evmos/pools,Evmos
https://www.geckoterminal.com/tombchain/pools,Tombchain
https://www.geckoterminal.com/milkada/pools,Milkomeda Cardano
https://www.geckoterminal.com/bitgert/pools,Bitgert
https://www.geckoterminal.com/fuse/pools,Fuse
https://www.geckoterminal.com/onus/pools,ONUS
https://www.geckoterminal.com/sxn/pools,SX Network
https://www.geckoterminal.com/platon_network/pools,PlatON Network
https://www.geckoterminal.com/xdc/pools,XDC
https://www.geckoterminal.com/loop-network/pools,Loop Network
https://www.geckoterminal.com/tomochain/pools,Tomochain
https://www.geckoterminal.com/sys/pools,Syscoin
https://www.geckoterminal.com/mtr/pools,Meter
https://www.geckoterminal.com/beaneco-smartchain/pools,BeanEco SmartChain
https://www.geckoterminal.com/thundercore/pools,ThunderCore
https://www.geckoterminal.com/ethw/pools,EthereumPOW
https://www.geckoterminal.com/nrg/pools,Energi
https://www.geckoterminal.com/exosama/pools,Exosama
https://www.geckoterminal.com/nova-network/pools,✨Nova Network
https://www.geckoterminal.com/eos-evm/pools,EOS EVM
https://www.geckoterminal.com/callisto/pools,Callisto
https://www.geckoterminal.com/ela/pools,Elastos
https://www.geckoterminal.com/goerli-testnet/pools,Goerli Testnet
https://www.geckoterminal.com/apex/pools,Apex
https://www.geckoterminal.com/boba/pools,Boba Network
https://www.geckoterminal.com/ethereum_classic/pools,Ethereum Classic
https://www.geckoterminal.com/flare/pools,Flare
https://www.geckoterminal.com/redlight_chain/pools,Redlight Chain
https://www.geckoterminal.com/empire_network/pools,Empire Network
https://www.geckoterminal.com/multivac/pools,MultiVAC
https://www.geckoterminal.com/cube_network/pools,CUBE Network
https://www.geckoterminal.com/poochain/pools,Poochain
https://www.geckoterminal.com/bonerium/pools,Bonerium
https://www.geckoterminal.com/clover-finance/pools,Clover Finance
https://www.geckoterminal.com/sdn/pools,Shiden
https://www.geckoterminal.com/alvey/pools,Alvey
https://www.geckoterminal.com/swimmer_network/pools,Swimmer Network
https://www.geckoterminal.com/bitindi-chain/pools,Bitindi Chain
https://www.geckoterminal.com/findora/pools,Findora
https://www.geckoterminal.com/ethereumfair/pools,EthereumFair
https://www.geckoterminal.com/muuchain/pools,MuuChain
https://www.geckoterminal.com/tlos/pools,Telos
https://www.geckoterminal.com/lung-chain/pools,Lung Chain
https://www.geckoterminal.com/filecoin/pools,Filecoin
https://www.geckoterminal.com/dexit_network/pools,Dexit Network
https://www.geckoterminal.com/echelon/pools,Echelon
https://www.geckoterminal.com/hsc/pools,Hoo Smart Chain
https://www.geckoterminal.com/kekchain/pools,Kekchain
https://www.geckoterminal.com/solana/pools,
https://www.geckoterminal.com/solana/raydium/pools,
https://www.geckoterminal.com/bsc/pools,
https://www.geckoterminal.com/bsc/pancakeswap_v2/pools,
https://www.geckoterminal.com/bsc/pancakeswap-v3-bsc/pools,
https://www.geckoterminal.com/kava/pools,
https://www.geckoterminal.com/kava/equilibre/pools,
https://www.geckoterminal.com/zksync/pools,
https://www.geckoterminal.com/zksync/syncswap/pools,
https://www.geckoterminal.com/arbitrum/pools,
https://www.geckoterminal.com/arbitrum/camelot/pools,
https://www.geckoterminal.com/arbitrum/uniswap_v3_arbitrum/pools,
https://www.geckoterminal.com/onus/pools,
https://www.geckoterminal.com/onus/miaswap/pools,
https://www.geckoterminal.com/arbitrum/sushiswap_arbitrum/pools,
