network_name,network_url
✨Sui Network,https://www.geckoterminal.com/sui-network/pools
Ethereum,https://www.geckoterminal.com/eth/pools
BNB Chain,https://www.geckoterminal.com/bsc/pools
Arbitrum,https://www.geckoterminal.com/arbitrum/pools
Polygon POS,https://www.geckoterminal.com/polygon_pos/pools
Optimism,https://www.geckoterminal.com/optimism/pools
Avalanche,https://www.geckoterminal.com/avax/pools
ZkSync,https://www.geckoterminal.com/zksync/pools
Canto,https://www.geckoterminal.com/canto/pools
Fantom,https://www.geckoterminal.com/ftm/pools
Solana,https://www.geckoterminal.com/solana/pools
Klaytn,https://www.geckoterminal.com/klaytn/pools
Conflux,https://www.geckoterminal.com/cfx/pools
Ronin,https://www.geckoterminal.com/ronin/pools
Core,https://www.geckoterminal.com/core/pools
WEMIX,https://www.geckoterminal.com/wemix/pools
Metis,https://www.geckoterminal.com/metis/pools
Cronos,https://www.geckoterminal.com/cro/pools
Aptos,https://www.geckoterminal.com/aptos/pools
Arbitrum Nova,https://www.geckoterminal.com/arbitrum_nova/pools
Moonbeam,https://www.geckoterminal.com/glmr/pools
Huobi ECO Chain,https://www.geckoterminal.com/heco/pools
Kava,https://www.geckoterminal.com/kava/pools
OKExChain,https://www.geckoterminal.com/okexchain/pools
Harmony,https://www.geckoterminal.com/one/pools
Kucoin Community Chain,https://www.geckoterminal.com/kcc/pools
Kardiachain,https://www.geckoterminal.com/kai/pools
DFK Chain,https://www.geckoterminal.com/dfk/pools
Polygon zkEVM,https://www.geckoterminal.com/polygon-zkevm/pools
Aurora,https://www.geckoterminal.com/aurora/pools
FX,https://www.geckoterminal.com/fx/pools
BitTorrent,https://www.geckoterminal.com/bttc/pools
Dogechain,https://www.geckoterminal.com/dogechain/pools
Astar,https://www.geckoterminal.com/astr/pools
Gnosis XDAI,https://www.geckoterminal.com/xdai/pools
Bitgert,https://www.geckoterminal.com/bitgert/pools
SmartBCH,https://www.geckoterminal.com/bch/pools
Songbird,https://www.geckoterminal.com/songbird/pools
CELO,https://www.geckoterminal.com/celo/pools
Wanchain,https://www.geckoterminal.com/wan/pools
Oasys,https://www.geckoterminal.com/oasys/pools
Ultron,https://www.geckoterminal.com/ultron/pools
IOTEX,https://www.geckoterminal.com/iotx/pools
Moonriver,https://www.geckoterminal.com/movr/pools
Bitkub Chain,https://www.geckoterminal.com/bitkub_chain/pools
Godwoken,https://www.geckoterminal.com/godwoken/pools
Terra Classic,https://www.geckoterminal.com/terra/pools
ONUS,https://www.geckoterminal.com/onus/pools
Velas,https://www.geckoterminal.com/velas/pools
Oasis Emerald,https://www.geckoterminal.com/oasis/pools
EOS EVM,https://www.geckoterminal.com/eos-evm/pools
Evmos,https://www.geckoterminal.com/evmos/pools
Step Network,https://www.geckoterminal.com/step-network/pools
Tombchain,https://www.geckoterminal.com/tombchain/pools
Milkomeda Cardano,https://www.geckoterminal.com/milkada/pools
PlatON Network,https://www.geckoterminal.com/platon_network/pools
XDC,https://www.geckoterminal.com/xdc/pools
EthereumPOW,https://www.geckoterminal.com/ethw/pools
Tomochain,https://www.geckoterminal.com/tomochain/pools
Goerli Testnet,https://www.geckoterminal.com/goerli-testnet/pools
Fuse,https://www.geckoterminal.com/fuse/pools
Meter,https://www.geckoterminal.com/mtr/pools
Loop Network,https://www.geckoterminal.com/loop-network/pools
BeanEco SmartChain,https://www.geckoterminal.com/beaneco-smartchain/pools
SX Network,https://www.geckoterminal.com/sxn/pools
ThunderCore,https://www.geckoterminal.com/thundercore/pools
Callisto,https://www.geckoterminal.com/callisto/pools
Energi,https://www.geckoterminal.com/nrg/pools
Syscoin,https://www.geckoterminal.com/sys/pools
Exosama,https://www.geckoterminal.com/exosama/pools
Ethereum Classic,https://www.geckoterminal.com/ethereum_classic/pools
Apex,https://www.geckoterminal.com/apex/pools
MultiVAC,https://www.geckoterminal.com/multivac/pools
Elastos,https://www.geckoterminal.com/ela/pools
Empire Network,https://www.geckoterminal.com/empire_network/pools
Redlight Chain,https://www.geckoterminal.com/redlight_chain/pools
Boba Network,https://www.geckoterminal.com/boba/pools
Flare,https://www.geckoterminal.com/flare/pools
Poochain,https://www.geckoterminal.com/poochain/pools
Shiden,https://www.geckoterminal.com/sdn/pools
Clover Finance,https://www.geckoterminal.com/clover-finance/pools
Swimmer Network,https://www.geckoterminal.com/swimmer_network/pools
CUBE Network,https://www.geckoterminal.com/cube_network/pools
Findora,https://www.geckoterminal.com/findora/pools
MuuChain,https://www.geckoterminal.com/muuchain/pools
Alvey,https://www.geckoterminal.com/alvey/pools
EthereumFair,https://www.geckoterminal.com/ethereumfair/pools
Lung Chain,https://www.geckoterminal.com/lung-chain/pools
Kekchain,https://www.geckoterminal.com/kekchain/pools
Bitindi Chain,https://www.geckoterminal.com/bitindi-chain/pools
✨Nova Network,https://www.geckoterminal.com/nova-network/pools
Dexit Network,https://www.geckoterminal.com/dexit_network/pools
Echelon,https://www.geckoterminal.com/echelon/pools
Filecoin,https://www.geckoterminal.com/filecoin/pools
Bonerium,https://www.geckoterminal.com/bonerium/pools
Telos,https://www.geckoterminal.com/tlos/pools
Hoo Smart Chain,https://www.geckoterminal.com/hsc/pools
